title,price,rating,reviews,availability
PlayStation 5 Console (PS5),$499.99,4.8 out of 5 stars,"14,566 ratings",In Stock
PlayStation 5 Pulse 3D Wireless Headset,$99.00,4.7 out of 5 stars,"19,797 ratings",In Stock
PlayStation 5 Console CFI-1102A,Page 1 of 1,4.9 out of 5 stars,"7,351 ratings",
FIFA 23 Standard Edition Playstation 5 (PS5)| English | Import Region Free,$47.90,4.7 out of 5 stars,"1,621 ratings",Only 8 left in stock - order soon
PlayStation 5 Digital Edition,Page 1 of 1,4.9 out of 5 stars,"7,199 ratings",
"WD_BLACK 2TB SN850 NVMe SSD for PS5 Consoles Solid State Drive with Heatsink - Gen4 PCIe, M.2 2280, Up to 7,000 MB/s - WDBBKW0020BBK-WRSN",$169.99,4.8 out of 5 stars,"3,173 ratings",In Stock
The Last of Us Part I – PlayStation 5,$49.00,4.8 out of 5 stars,"1,160 ratings",In Stock
"PS5 Controller Charger Station with Fast Charging AC Adapter 5V/3A, Dual Controller Charging Stand for Playstation 5, Docking Station Replacement for DualSense Charging Station",$24.99,4.7 out of 5 stars,"14,189 ratings",In Stock
"PS5 Wall Mount Kit with 3-level Cooling Fan and Dual Charging Station, PS5 Shelf Mount Compatible with Playstation 5 Disc & Digital, PS5 Cooling Station for PS5 Accessories with Headset Holder, Extra USB Hub",$38.99,4.7 out of 5 stars,22 ratings,In Stock
PlayStation DualSense Wireless Controller - Starlight Blue - PlayStation 5,$74.99,4.8 out of 5 stars,"75,258 ratings",In Stock
"Corsair MP600 PRO LPX 2TB M.2 NVMe PCIe x4 Gen4 SSD - Optimized for PS5 (Up to 7,100MB/sec Sequential Read & 6,800MB/sec Sequential Write Speeds, High-Speed Interface, Compact Form Factor) Black",$129.99,4.8 out of 5 stars,"2,812 ratings",In Stock
"TULIADU Charging Station for PS VR2 with RGB Light, Vertical Charging Stand Dock Support for Headset Display, 4 Type-C Magnetic Adapters for Sense Controller",$25.99,Previous page of related Sponsored Products,,In Stock
$50 PlayStation Store Gift Card [Digital Code],$50.00,4.7 out of 5 stars,"261,831 ratings",Available now
"HORI 3D Surround Gaming Neckset - Wired Wearable Speaker for PS5, PS4, PC - Playstation 5",$80.99,4.1 out of 5 stars,496 ratings,In Stock
Star Wars Jedi: Survivor Deluxe - PlayStation 5,$89.88,4.6 out of 5 stars,125 ratings,In Stock
PlayStation PULSE 3D Wireless Headset – Midnight Black,$99.00,4.7 out of 5 stars,"20,372 ratings",
"cirearoa Racing Wheel Stand with seat gaming chair driving Cockpit for All Logitech G923 | G29 | G920 | Thrustmaster | Fanatec Wheels | Xbox One, PS4, PC Platforms (Black/Red)",$278.00,4.6 out of 5 stars,16 ratings,In Stock
Demon's Souls - PlayStation 5,$29.99,4.8 out of 5 stars,"5,690 ratings",In Stock
PlayStation 4 Slim 1TB Console - Black (Renewed),$259.00,4.4 out of 5 stars,"1,265 ratings",Only 1 left in stock - order soon.
Sony PlayStation 2 Console - Black (Renewed),$179.99,4.3 out of 5 stars,"1,184 ratings",
Sony PlayStation 4 Slim Limited Edition 1TB Gaming Console,$257.20,4.2 out of 5 stars,"1,107 ratings",Only 16 left in stock - order soon.
PlayStation 2 Slim Console PS2 (Renewed),$179.99,4.2 out of 5 stars,"1,000 ratings",
"Playstation SONY 4, 500GB Slim System [CUH-2215AB01], Black, 3003347 (Renewed)",Page 1 of 1,4.7 out of 5 stars,352 ratings,
Playstation 2 Console - Black (Renewed),$195.00,4.2 out of 5 stars,320 ratings,Only 1 left in stock - order soon.
"2.4GHz/Bluetooth Wireless Gaming Headset for PlayStation 5 4, Gamer Headphones with Detachable Microphone for PS5, PS4, PC, Switch, Ultra-low Latency, 30 Hours Playtime, Wired Mode for Xbox Series",$49.99,4.3 out of 5 stars,137 ratings,In Stock
Company of Heroes 3: Console Launch Edition - PlayStation 5,$59.95,Previous page,,In Stock
"PS5 Cooling Stand with Fan, Dual PS5 Controller Charging Station for PS5 Console, Multifunctional PS5 Stand Cooling Station with Controller Charger and 3 USB Hub for PS5",$27.99,4.6 out of 5 stars,47 ratings,In Stock
